amount,location_changed,new_device,failed_attempts,velocity,fraud
65809,1,1,7,6,1
29573,1,0,0,4,0
48564,1,1,7,7,1
6805,0,1,2,2,0
13353,0,1,2,2,1
77680,0,1,7,7,1
19642,0,0,2,4,0
118222,1,1,1,6,1
5350,0,0,1,0,0
147202,0,1,5,8,1
54889,0,0,3,1,0
18238,1,0,4,7,1
47288,1,1,5,3,1
12957,0,0,1,4,0
23974,0,0,1,2,0
29829,0,1,1,4,0
35252,0,0,1,0,0
15467,0,0,0,4,0
34916,1,0,5,8,1
103025,1,0,2,8,1
40370,1,0,2,1,0
23473,1,1,0,3,1
85756,0,1,6,0,1
25744,1,1,0,8,1
66788,1,1,4,6,1
57577,0,0,1,2,0
137113,1,1,6,4,1
43573,0,0,0,3,0
8059,0,0,3,1,0
36356,0,0,2,4,0
25514,0,1,0,4,0
46703,0,0,2,2,0
24818,1,1,0,0,0
44953,0,0,0,2,0
134404,1,1,5,7,1
22226,1,0,3,0,0
112934,1,1,1,5,1
75048,1,1,5,0,1
22978,1,1,7,7,1
18088,0,1,3,0,0
28066,1,0,0,3,0
46742,1,1,2,3,1
13155,0,0,0,1,0
54715,0,0,1,2,0
105889,1,0,1,5,1
46272,0,1,0,2,0
3540,0,0,0,3,0
12732,0,0,0,0,0
15742,0,0,0,2,0
52474,1,1,0,6,1
95199,1,0,1,5,1
41905,0,0,0,0,0
119104,1,1,1,8,1
30376,0,0,0,4,0
12444,0,1,3,1,0
30553,0,1,4,2,1
28783,0,1,6,3,1
40243,1,1,2,6,1
57591,0,1,6,5,1
18721,0,1,3,1,0
149201,1,1,2,4,1
27824,0,0,2,4,0
100360,1,1,5,2,1
107624,1,1,0,0,1
45484,1,0,3,4,1
24942,1,0,2,0,1
54226,0,1,1,2,0
89711,1,0,3,2,1
28273,1,1,2,2,0
51657,1,1,3,0,1
80411,1,1,0,7,1
9756,0,0,0,3,0
142223,1,1,1,7,1
35707,1,1,7,7,1
17332,1,0,1,3,0
14227,1,0,0,3,0
132554,1,1,7,2,1
2743,0,0,0,0,0
50310,0,0,0,1,0
21840,1,0,2,8,1
20833,0,0,2,2,0
30578,0,0,3,2,0
124732,1,1,7,5,1
99537,1,1,5,0,1
41665,1,1,7,1,1
59949,1,1,4,0,1
2618,1,0,3,8,1
9080,0,0,1,3,0
12539,0,0,0,1,0
52895,1,1,6,7,1
7878,0,1,5,5,1
126637,1,1,5,6,1
20712,0,0,0,3,0
39965,0,0,0,2,0
3640,1,1,7,3,1
53009,1,1,5,4,1
3003,1,0,3,2,0
111528,1,1,3,5,1
64659,0,0,4,7,1
21421,1,0,6,1,1
33347,0,0,3,4,0
23374,0,1,1,2,0
46239,0,0,1,2,0
74155,1,1,0,1,1
4584,0,0,0,0,0
58399,0,0,0,3,0
10207,0,0,2,3,0
50938,0,1,3,2,0
44470,1,0,1,1,0
27867,0,0,1,0,0
26972,0,0,1,2,0
37524,1,1,5,8,1
124753,1,1,2,6,1
100496,1,0,6,3,1
268,0,0,0,0,0
50111,0,0,1,4,0
136330,1,1,0,8,1
3112,0,0,2,2,0
25297,0,1,1,0,0
86373,1,1,1,6,1
67223,0,1,1,4,1
68303,1,1,7,6,1
136223,0,0,1,8,1
20662,0,0,1,2,0
27613,1,0,0,0,0
40538,1,0,1,8,1
32754,1,0,1,2,0
56932,0,0,1,1,0
78008,1,1,7,0,1
6224,0,1,0,0,0
78255,1,1,6,3,1
72131,1,1,5,2,1
35335,1,0,0,0,0
58762,0,0,2,2,0
40534,0,0,1,3,0
100766,0,1,0,5,1
22162,0,1,3,0,1
94762,1,1,2,7,1
89184,1,1,2,6,1
35786,0,0,0,1,1
29920,1,0,3,1,1
6428,0,0,1,0,0
126621,1,1,6,8,1
37633,0,0,0,0,0
114792,1,1,1,8,1
24187,1,0,0,1,0
36668,1,1,0,3,0
116630,1,1,3,1,1
21857,0,0,0,4,0
14441,0,1,1,0,0
108872,1,1,5,0,1
19833,0,0,2,4,0
36343,0,0,0,4,0
65292,0,1,7,1,1
38534,1,1,0,0,0
56031,0,1,2,4,0
2211,0,1,3,0,0
105273,1,1,3,0,1
38375,1,0,0,1,0
119277,1,1,3,0,1
13015,0,0,0,3,0
53948,0,0,0,2,0
40438,1,0,1,4,0
115084,1,1,2,6,1
78310,1,1,7,2,1
127961,0,1,4,7,1
32567,1,0,0,6,1
74952,1,1,0,7,1
56782,1,0,2,4,0
2954,1,0,4,5,1
62067,1,1,3,3,1
45544,0,1,0,3,0
68035,1,0,2,8,1
124871,1,1,7,5,1
28736,0,0,1,2,0
83988,1,1,4,3,1
13384,0,1,0,1,0
38963,1,1,4,6,1
51188,0,0,3,4,0
21257,1,1,2,2,1
118307,1,0,6,8,1
29716,0,0,0,0,0
14461,1,1,7,3,1
17979,0,1,2,0,1
31536,1,0,0,4,0
3110,0,0,0,0,0
62654,0,1,2,4,1
118451,1,1,2,3,1
127719,1,1,7,3,1
13743,1,1,1,3,1
24818,1,0,0,0,0
30998,0,1,1,2,0
3272,0,0,0,6,1
46317,0,0,2,1,0
51520,0,0,0,0,0
27502,0,0,3,2,0
63219,0,1,1,4,1
25496,0,0,1,2,0
28874,0,0,0,4,0
46865,1,1,7,6,1
140656,1,1,1,0,1
47474,1,0,0,2,0
16575,0,0,2,1,0
34142,0,0,0,2,0
39582,0,1,0,2,0
55921,0,1,1,2,0
86039,1,1,7,4,1
125975,1,1,4,5,1
11095,1,1,3,1,1
16262,1,1,0,4,0
33206,1,1,3,7,1
3846,0,1,1,4,0
51872,0,1,0,0,0
19587,1,0,0,4,0
16462,0,0,3,1,0
45420,1,0,1,2,1
66291,0,1,1,2,1
31270,1,0,0,3,0
20186,0,1,2,3,0
100298,0,1,7,8,1
37867,0,0,3,0,0
35788,0,0,0,1,0
33707,0,0,0,3,0
146079,1,1,3,2,1
80472,1,1,5,5,1
70251,0,0,1,3,1
36144,1,0,0,1,0
2607,0,1,1,2,0
144939,0,0,1,8,1
54933,0,1,1,0,0
99704,0,1,5,1,1
33449,0,0,3,3,0
17148,1,1,7,1,1
146203,1,1,3,2,1
14769,1,1,1,7,1
11709,0,0,3,4,0
117328,1,1,0,5,1
51251,1,1,0,1,0
74479,0,1,6,6,1
24956,0,0,1,2,0
27859,0,0,2,4,0
105419,1,1,6,7,1
29056,0,0,2,4,0
36895,1,1,0,2,0
103426,1,1,1,2,1
53736,0,0,0,1,0
8445,0,0,2,4,0
90435,1,1,5,6,1
33024,0,0,0,1,0
31130,1,1,0,4,1
90378,1,1,2,2,1
4499,0,0,0,3,0
17298,1,1,5,1,1
9860,1,1,0,2,0
74878,1,1,2,3,1
64376,0,1,2,2,1
42482,0,0,3,2,0
43397,0,0,3,4,0
54453,0,1,3,6,1
71241,1,1,3,3,1
58408,0,1,0,2,0
123513,1,1,3,0,1
32906,0,1,0,2,0
115334,0,0,2,6,1
141469,1,0,2,0,1
149410,1,1,0,7,1
5128,0,1,1,4,0
32494,0,0,1,1,0
38577,0,0,1,0,0
65033,1,1,4,5,1
140755,0,1,7,8,1
91806,1,1,1,8,1
35900,0,0,1,3,0
24000,1,1,2,4,1
144139,1,1,6,7,1
130267,1,1,0,5,1
37059,0,1,3,3,0
5853,0,0,2,0,0
3695,1,1,5,4,1
36292,0,0,0,0,0
68487,1,1,1,2,1
97007,0,1,7,1,1
17723,0,0,1,1,0
71957,1,1,4,1,1
53240,1,1,1,4,1
241,0,0,3,3,0
41015,1,1,2,2,0
133537,1,0,0,1,1
14069,1,0,0,2,0
37445,1,0,0,0,0
24208,0,1,2,6,1
63329,1,1,4,5,1
141365,1,1,0,7,1
70283,1,1,6,2,1
4554,0,0,0,4,0
22370,0,0,0,1,0
4752,0,0,0,0,0
115864,1,1,2,2,1
77706,0,1,3,1,1
48313,0,0,1,3,0
27227,0,1,3,1,0
40186,1,0,2,4,0
91877,1,1,0,6,1
26004,1,1,1,1,1
17204,0,0,2,2,0
39131,1,1,2,0,1
90130,1,1,7,5,1
136966,1,0,4,3,1
38679,0,0,0,0,0
49309,0,0,0,2,0
83311,1,1,1,2,1
76572,1,1,7,3,1
114399,1,1,7,8,1
910,1,1,2,4,0
132444,0,0,7,2,1
57558,0,0,0,4,0
99154,1,1,0,0,1
56619,1,1,0,4,1
46187,1,1,2,3,1
49400,1,1,7,4,1
36401,0,1,0,0,0
59925,0,1,7,4,1
42429,0,0,3,0,0
26231,0,0,0,3,0
55433,0,0,1,4,0
15872,0,0,0,4,0
55425,1,1,0,2,1
4972,0,1,1,0,0
111463,1,0,1,8,1
11036,0,0,0,0,0
4408,0,0,2,3,0
48678,0,0,0,4,0
81090,1,1,2,1,1
45501,0,0,2,0,0
15584,0,0,0,1,0
5392,0,1,0,4,1
23863,0,0,0,2,0
20012,0,0,0,4,0
140917,0,1,3,4,1
122305,1,1,0,0,1
46256,0,1,7,1,1
33231,1,0,0,0,0
111653,1,1,4,4,1
6922,0,0,0,0,0
48977,0,1,0,0,0
144083,1,1,0,0,1
29716,0,0,0,2,0
73051,0,1,0,3,1
95533,0,1,2,0,1
58562,1,0,0,1,0
12652,0,0,0,4,0
54382,1,1,1,4,0
128660,0,1,0,3,1
45096,0,0,6,7,1
20894,0,1,3,4,0
5278,0,0,1,4,0
110864,1,1,2,3,1
84396,1,1,5,4,1
102754,1,1,2,8,1
97859,0,1,2,7,1
52316,0,1,1,2,0
32885,1,0,0,3,0
46706,0,0,1,4,0
46431,0,0,0,1,0
9021,0,0,1,1,0
26352,0,1,1,1,0
37192,1,1,1,5,1
3361,0,0,1,3,0
137881,1,1,4,5,1
56470,0,1,0,0,0
32531,1,1,7,3,1
11560,1,1,0,3,1
16235,1,1,0,4,0
54450,1,1,1,8,1
96900,1,0,0,0,1
6329,1,1,6,5,1
40278,0,0,1,4,0
56272,1,0,2,8,1
3864,1,1,6,6,1
36257,1,1,5,4,1
46445,0,1,2,5,1
4400,0,1,1,1,0
4506,0,0,0,3,0
138992,0,1,5,8,1
9313,1,1,7,1,1
33001,0,0,0,4,0
42586,0,0,0,2,0
95971,1,1,6,4,1
3619,0,0,0,0,0
135307,1,1,1,5,1
126320,1,0,5,4,1
22334,1,1,5,7,1
32739,1,0,2,2,0
23138,0,0,3,1,0
57321,0,1,1,4,0
40850,0,0,0,2,0
131216,0,1,3,3,1
89617,1,1,6,0,1
11610,0,0,3,4,0
46222,0,0,1,0,0
42622,0,0,0,0,0
28540,0,0,1,1,0
39530,0,0,1,3,0
29573,0,0,3,0,0
23909,1,0,0,1,0
141870,0,1,6,5,1
29333,1,0,5,1,1
42271,0,0,2,4,0
144721,1,0,5,8,1
143741,1,1,2,0,1
32102,0,1,2,0,0
15899,0,1,0,4,0
121033,1,0,2,0,1
10905,0,0,0,1,0
30064,0,0,0,3,0
51118,0,1,7,6,1
2286,1,0,2,1,0
30706,0,0,0,3,0
39096,1,0,1,0,0
17746,0,0,0,4,1
7267,0,0,0,4,0
56576,0,0,0,3,0
131088,1,1,6,8,1
59918,0,0,0,0,0
42958,0,1,0,6,1
53026,1,0,5,3,1
116832,0,1,2,3,1
77636,1,0,4,8,1
55474,1,1,2,2,1
116799,0,1,0,7,1
20703,0,0,0,0,0
90977,1,1,5,0,1
35770,0,1,5,8,1
50191,0,0,0,1,0
84292,1,1,3,1,1
98901,0,1,6,4,1
96203,1,1,7,2,1
7879,0,0,0,3,0
34407,0,0,1,4,0
36400,1,1,7,6,1
1822,0,1,1,2,0
10358,0,0,1,4,0
85951,1,1,5,3,1
22421,1,1,1,3,0
116499,1,1,6,6,1
46222,0,0,0,4,0
27123,0,1,1,0,0
88133,1,0,1,0,1
38239,0,0,2,3,0
8228,1,1,6,4,1
8993,0,0,0,2,0
47632,1,1,7,6,1
44448,1,0,1,3,0
100520,0,0,5,5,1
121441,0,0,3,7,1
147185,0,1,4,2,1
14620,0,0,0,4,0
129948,1,0,4,7,1
47501,0,1,1,6,1
19747,0,0,0,2,0
30792,0,0,3,1,0
20381,0,0,0,4,0
14238,0,0,3,3,0
147794,1,1,3,8,1
34551,0,0,3,4,0
40082,0,0,2,3,0
37915,0,0,0,4,0
39183,1,0,1,1,0
37188,0,0,0,0,0
8580,1,0,2,3,0
21245,0,0,1,2,0
33013,0,0,0,0,0
54933,0,1,0,1,0
80337,1,1,2,6,1
130205,1,1,6,0,1
43064,1,1,0,0,0
19029,0,0,0,3,0
6823,0,0,2,2,0
3071,0,0,1,0,0
6276,1,1,6,5,1
72070,1,0,2,7,1
122072,1,1,2,5,1
19705,0,0,1,2,0
17579,0,0,0,3,0
26111,0,1,5,3,1
78971,1,0,3,5,1
10518,0,0,2,2,0
37974,1,0,0,3,0
22557,0,1,1,1,0
46722,1,0,0,0,0
130715,1,1,4,5,1
37712,0,1,0,3,0
57299,0,1,7,0,1
24585,0,1,1,4,0
51413,0,0,0,1,0
3109,0,0,1,2,0
22694,1,1,7,6,1
33876,0,1,1,2,0
110162,1,1,2,0,1
45263,0,1,2,3,0
84499,1,0,7,0,1
24718,0,1,0,2,0
20553,0,0,1,4,0
48803,1,1,7,1,1
5935,0,1,1,7,1
1308,1,1,2,0,1
7033,1,1,2,7,1
22428,0,0,0,3,0
32716,1,1,5,7,1
524,1,1,4,7,1
20167,1,0,1,4,0
51088,0,1,1,0,0
43367,1,0,1,2,0
139677,0,1,6,4,1
14240,0,0,6,3,1
130345,0,1,7,6,1
37571,1,0,0,0,0
59697,0,0,0,1,0
113328,0,1,7,5,1
120883,1,0,1,1,1
107265,1,0,5,2,1
57535,1,0,1,3,0
40456,1,1,7,0,1
53650,0,0,2,1,0
55667,0,0,1,4,0
30145,0,1,0,4,0
53106,0,0,0,3,0
26604,0,0,0,3,0
28367,0,1,1,1,0
145974,1,1,2,5,1
83424,1,1,0,5,1
23797,0,1,2,4,1
41760,0,0,0,2,0
41704,0,0,3,4,0
42526,0,1,3,0,0
126197,1,0,2,6,1
66367,1,1,0,8,1
30180,0,0,1,2,0
32695,0,0,1,4,0
117185,1,0,1,1,1
30816,0,0,0,4,0
101512,1,1,3,2,1
94541,1,1,1,2,1
131249,1,1,6,5,1
114462,0,1,7,6,1
7162,0,0,2,4,0
47445,0,0,1,4,0
73204,1,1,3,2,1
122043,1,1,4,6,1
84864,1,1,7,7,1
19809,0,0,0,4,0
14825,0,0,0,4,0
6469,0,1,0,3,0
104867,1,0,3,7,1
47845,0,0,1,4,0
137928,1,1,1,4,1
135028,0,1,7,7,1
31587,0,1,0,8,1
21476,0,0,1,1,0
35418,1,1,3,6,1
14836,0,0,2,1,0
127427,1,1,2,1,1
20478,0,0,3,0,0
33574,0,0,1,4,0
19457,0,0,0,2,0
105209,1,1,6,3,1
137426,0,1,4,7,1
1808,0,1,0,0,0
114014,1,0,6,1,1
40808,1,0,0,4,0
1426,1,0,7,7,1
13422,1,1,7,6,1
8433,0,1,1,5,1
135435,1,0,1,6,1
48552,0,1,0,4,0
96260,0,1,6,3,1
43998,1,0,2,1,0
14796,1,1,4,0,1
48588,0,1,0,3,1
82534,1,1,1,0,1
42650,1,1,2,2,1
19687,1,1,5,6,1
122212,0,0,6,5,1
14796,0,0,3,4,0
23707,0,0,2,0,0
45673,0,0,3,1,0
149342,1,0,7,1,1
49352,1,1,1,0,1
18950,1,0,0,0,0
56805,0,0,1,3,0
105157,1,1,7,7,1
22235,1,1,0,4,0
61725,1,1,1,5,1
136802,1,1,5,8,1
25579,1,0,1,0,1
8372,0,0,1,1,0
41475,0,1,4,7,1
81974,0,1,6,6,1
27173,0,0,0,1,0
47755,0,0,2,0,0
51678,0,0,0,3,0
12553,0,0,0,4,0
16138,0,0,1,1,0
116422,1,1,0,3,1
96698,0,0,7,5,1
149994,1,1,5,1,1
140772,0,1,7,4,1
74058,1,0,7,7,1
51784,1,0,0,1,0
118855,1,1,4,2,1
20544,0,0,0,6,1
34601,0,0,0,3,0
26536,0,0,1,0,0
63056,0,1,3,3,1
32479,1,1,1,5,1
102723,1,1,3,2,1
74298,1,1,6,0,1
52432,1,1,3,8,1
52191,0,0,3,2,0
44480,1,1,1,4,0
34882,1,1,6,5,1
139179,0,0,4,1,1
30033,0,0,0,2,0
9549,0,0,0,1,0
34183,1,0,4,4,1
26118,1,0,3,5,1
21660,0,0,2,1,1
14410,0,1,4,2,1
36858,0,0,1,3,0
84616,1,1,4,4,1
54736,0,1,1,2,0
124960,0,1,7,4,1
18639,0,0,3,2,0
46384,1,0,1,8,1
22287,1,0,2,0,0
19653,0,1,1,4,0
51461,1,0,0,4,1
36477,1,0,5,3,1
45560,0,0,2,3,0
74764,1,1,0,0,1
17670,1,0,5,2,1
56765,0,0,0,3,0
4246,0,0,0,3,0
132195,0,1,7,3,1
91406,1,1,2,6,1
83849,1,1,0,3,1
23025,0,0,0,4,0
40449,1,0,0,0,0
99684,1,1,1,6,1
53654,1,1,2,1,1
39460,0,1,2,0,1
134526,1,0,0,7,1
137858,0,0,4,2,1
72519,1,1,4,6,1
32495,1,1,6,0,1
12842,0,0,1,1,0
92751,1,1,3,8,1
100581,1,1,7,1,1
33869,0,0,1,0,0
2481,0,0,0,2,0
59432,0,0,2,3,0
45078,1,0,2,2,0
46059,0,1,0,6,1
3519,0,0,1,0,0
74641,0,1,7,7,1
135605,0,0,7,7,1
36254,0,1,0,0,0
42792,1,1,7,5,1
7963,0,0,2,3,0
38718,0,0,3,1,0
20410,0,1,0,1,0
149621,1,1,7,8,1
53578,0,0,2,1,0
38630,1,0,0,4,0
5423,0,1,0,1,0
29003,0,0,0,3,0
98257,1,1,4,1,1
8619,1,0,3,1,0
16663,0,0,0,0,0
54561,1,0,4,0,1
7656,1,1,1,2,1
76877,1,1,4,7,1
45628,0,0,1,2,0
37952,1,1,0,4,1
136756,1,1,6,8,1
129284,1,1,0,3,1
42533,1,0,5,6,1
105521,0,1,1,5,1
78847,1,0,5,7,1
135069,1,1,3,2,1
39377,0,0,0,2,0
57637,1,1,0,1,0
15708,0,0,0,1,0
92386,0,1,2,4,1
45825,1,0,4,0,1
1581,1,1,1,3,1
54667,0,0,0,2,0
39643,1,1,1,0,1
5049,0,0,1,2,0
38275,1,0,1,1,0
85268,1,0,6,5,1
30824,1,1,3,3,1
9515,0,0,2,2,0
113878,1,1,7,5,1
12125,0,0,0,0,0
33052,1,1,2,7,1
46523,0,0,3,2,0
27509,1,0,1,3,0
31047,0,0,1,1,0
33600,0,0,2,0,0
42260,0,0,3,1,0
105145,1,0,6,8,1
8175,0,0,2,4,0
20779,0,1,3,1,0
20944,0,0,0,0,0
34437,0,0,3,0,0
64523,1,1,4,1,1
17791,1,0,2,2,0
37274,0,1,0,3,0
18747,0,1,5,7,1
53384,0,0,3,1,0
15003,0,1,4,1,1
59969,1,0,0,2,0
44313,1,1,4,4,1
23326,1,1,0,1,1
52496,1,0,0,2,0
28592,0,0,0,2,0
22561,0,0,3,1,0
31406,0,0,1,0,0
46112,0,0,0,3,0
49906,0,0,0,4,0
53596,0,0,1,3,0
43821,0,0,0,3,0
39285,0,0,0,1,0
66073,1,1,7,3,1
3985,0,0,2,1,0
62400,1,1,1,2,1
99529,1,1,4,0,1
59470,0,0,2,1,0
34251,0,0,0,1,0
55099,0,1,0,1,0
89406,1,1,6,2,1
4419,0,0,1,3,0
50636,0,0,0,3,0
47505,1,1,1,1,0
57924,0,0,1,0,0
28174,0,0,1,2,0
41777,0,0,0,3,0
6463,1,1,3,3,1
8840,1,1,4,0,1
79884,1,0,1,5,1
129319,0,1,0,5,1
123772,1,1,7,6,1
44443,1,0,1,2,0
141703,0,1,1,5,1
8395,0,0,0,4,0
149212,0,1,1,4,1
126902,1,1,6,5,1
17793,1,1,2,1,0
26256,1,1,0,7,1
15901,0,1,3,7,1
30600,0,0,1,4,0
42239,1,0,3,2,0
24601,0,1,1,1,1
74789,1,0,5,4,1
75246,0,1,5,7,1
44598,0,0,5,7,1
53508,1,1,0,0,1
42943,0,0,1,3,0
13950,1,1,4,7,1
28325,0,0,1,3,0
33895,0,1,1,5,1
72195,1,1,6,6,1
39386,1,1,7,2,1
24188,0,0,1,1,0
8053,0,0,0,3,0
137200,1,1,7,0,1
112295,1,1,7,5,1
27022,0,0,3,0,0
45580,0,0,0,1,0
31305,0,0,2,3,0
33371,1,1,0,2,0
49541,1,0,0,1,0
33232,0,0,3,1,0
37721,0,0,1,3,0
73748,1,0,1,3,1
20853,0,0,0,0,0
32241,0,0,0,1,0
72674,1,0,2,7,1
7815,0,0,3,0,0
26705,1,1,0,7,1
55441,1,1,0,5,1
55885,0,0,0,4,0
109188,1,0,7,7,1
32230,0,0,0,2,0
12084,0,0,1,3,0
3416,0,0,3,4,0
79217,1,0,1,5,1
123746,1,1,4,6,1
28974,0,0,3,3,0
37710,0,0,1,0,0
46446,1,1,0,3,1
43631,0,1,0,0,0
50288,1,0,2,1,0
71121,1,1,2,6,1
57887,0,0,1,3,0
6883,0,0,1,1,0
97398,1,0,0,7,1
9047,0,0,1,4,0
6662,0,0,0,4,0
124317,1,1,4,1,1
53417,1,0,1,0,0
117305,0,1,7,6,1
38890,1,0,0,3,0
39446,1,1,0,1,1
101115,0,1,3,6,1
123582,1,1,4,5,1
140149,1,0,3,5,1
126651,1,1,5,0,1
47143,1,0,7,3,1
34787,1,1,6,5,1
55964,0,0,2,0,0
18206,1,1,4,5,1
41742,0,0,0,2,0
5716,0,1,1,4,0
52995,0,0,1,0,0
124668,1,1,2,1,1
62271,1,0,1,5,1
42154,1,0,0,2,0
58804,0,0,3,3,0
128067,0,1,5,8,1
34577,0,0,1,3,0
22055,0,0,1,0,0
6199,1,1,3,2,0
38746,1,0,0,2,0
53735,1,0,1,3,0
5380,0,0,0,3,0
15190,1,1,1,8,1
31928,1,0,1,2,0
137480,0,0,6,3,1
48071,0,1,0,2,0
6325,0,0,3,1,0
28083,1,1,7,2,1
49723,0,0,0,1,0
24458,0,1,0,3,0
10977,1,0,3,1,0
8686,0,0,2,3,0
111601,0,1,3,2,1
61365,1,0,5,1,1
48190,1,0,1,4,0
56273,0,1,7,2,1
58434,1,1,0,3,0
19427,0,0,0,0,0
30106,0,0,0,0,0
42129,1,1,1,1,0
141985,1,1,3,4,1
62494,1,1,1,4,1
34466,0,0,0,4,0
17437,1,0,1,0,0
65289,0,1,3,5,1
5803,0,1,1,4,0
56840,0,0,0,2,0
43355,0,0,0,2,0
132672,1,1,0,8,1
43189,0,1,5,7,1
929,0,0,0,3,0
42008,0,0,2,3,0
110258,1,1,1,7,1
26405,1,0,0,0,0
42123,1,1,7,4,1
13586,0,0,1,0,0
143600,1,1,3,0,1
5235,0,1,4,1,1
122366,0,1,6,6,1
18086,0,0,1,4,0
10266,0,0,2,0,0
11859,0,0,2,4,0
16872,0,0,1,4,0
42614,0,0,0,2,0
42771,1,0,0,5,1
33531,1,1,1,8,1
48954,1,0,5,0,1
43213,1,1,4,2,1
58161,1,0,2,6,1
144,0,1,0,1,0
80715,1,1,2,5,1
29466,0,0,1,2,0
108881,1,1,2,7,1
10594,0,1,1,3,0
24944,0,0,1,2,0
116351,1,1,4,0,1
14411,1,0,2,7,1
52558,1,1,0,0,0
55718,1,0,0,1,0
28950,0,0,3,4,0
22746,1,1,2,0,1
25182,0,0,0,1,0
140649,1,0,7,4,1
50795,0,0,2,2,0
47760,1,0,1,0,0
38131,1,0,1,1,0
100212,1,1,0,8,1
122940,1,1,3,3,1
59011,0,0,2,1,0
49597,0,0,1,2,0
125208,1,1,5,4,1
125777,1,0,0,0,1
26812,0,1,1,3,0
13232,1,1,2,2,1
140428,1,1,7,8,1
146661,1,1,5,8,1
34560,1,1,6,7,1
16617,0,1,2,0,1
100578,1,1,0,4,1
23353,0,0,0,4,0
57836,0,0,1,1,0
11519,0,0,0,3,0
112455,0,1,2,8,1
28500,1,1,4,7,1
6711,1,1,5,3,1
74674,1,0,1,8,1
30165,1,0,2,8,1
8849,0,0,1,4,0
6747,0,1,2,1,0
41478,0,0,1,0,0
112675,1,0,6,4,1
6159,1,0,0,2,0
11970,0,0,1,1,0
6341,0,0,1,2,0
103955,1,1,7,4,1
130609,1,1,0,4,1
65078,1,1,5,7,1
102103,0,0,4,0,1
36973,1,1,6,6,1
52520,1,0,1,1,0
26230,0,0,1,4,0
49408,0,0,1,1,0
26099,1,1,4,6,1
5202,0,1,1,4,0
108556,1,1,4,0,1
72068,1,1,5,3,1
142696,1,0,5,0,1
37301,1,0,1,1,0
30979,1,0,6,3,1
108698,1,1,3,3,1
53375,0,1,7,1,1
29698,0,1,3,1,1
137967,0,1,0,5,1
59061,0,1,1,2,0
49163,1,0,2,3,1
58720,1,0,6,7,1
13943,0,0,0,2,0
6133,0,1,4,5,1
6113,1,0,1,3,0
29579,0,0,0,8,1
93641,1,1,6,0,1
102011,1,1,5,8,1
32119,1,0,2,3,0
58128,0,1,0,0,0
138115,1,1,6,2,1
34894,0,0,2,4,0
46082,1,1,2,0,0
3276,1,1,2,7,1
6006,0,0,2,3,0
76314,1,0,4,4,1
129016,1,1,0,0,1
14764,0,1,3,2,0
25825,1,0,0,2,0
41272,0,0,0,3,0
39030,1,0,2,0,0
5235,0,0,3,1,0
147156,0,1,5,3,1
22128,0,0,3,3,0
32133,1,0,0,3,0
39633,1,1,3,3,1
7874,0,1,1,4,0
29830,0,0,0,2,0
4165,1,1,4,2,1
87404,1,1,6,2,1
3807,0,1,6,7,1
35473,0,0,0,4,0
8464,1,1,0,3,0
7002,1,0,1,3,1
31438,0,0,2,4,0
22374,1,0,3,0,0
47991,0,0,0,2,0
6025,0,0,3,4,0
117459,0,1,6,8,1
132592,1,0,5,8,1
2499,0,0,0,0,0
7367,0,1,1,4,0
99164,1,1,2,0,1
25062,1,1,0,3,0
125438,1,1,5,2,1
51638,1,0,2,7,1
9165,1,0,0,0,0
121792,0,0,4,7,1
28136,0,0,2,2,0
137530,0,0,6,2,1
30896,0,0,0,2,0
4933,0,0,2,0,0
12431,1,1,0,3,0
3243,0,0,0,0,0
14228,0,0,2,2,0
49077,0,0,0,4,0
58741,1,0,0,1,0
16803,1,1,7,3,1
144210,1,1,6,8,1
9240,1,1,1,2,1
3609,0,0,0,1,0
2182,0,0,0,1,0
2223,1,1,3,0,1
114350,1,0,3,0,1
3288,0,0,1,4,0
57990,0,0,0,4,0
47025,1,0,0,3,0
25238,0,1,1,1,0
130509,1,1,3,7,1
24640,0,0,3,3,0
24820,0,0,3,1,0
8514,0,1,0,2,0
47500,0,0,0,0,0
52276,0,0,0,2,0
44513,0,0,2,3,0
34877,1,0,4,3,1
110016,0,0,7,8,1
30563,1,1,7,7,1
4962,0,0,1,1,0
45968,1,0,1,4,1
79250,1,1,4,0,1
43411,1,1,7,4,1
21000,0,0,0,0,0
83115,1,1,6,6,1
40311,1,0,1,2,0
6811,0,0,3,0,0
17991,1,1,6,4,1
24411,0,0,3,0,0
34979,1,0,0,0,0
40529,1,1,0,2,1
20302,0,0,3,2,0
140739,0,1,1,4,1
3422,1,0,0,0,1
22718,0,1,3,4,0
24881,1,1,1,8,1
119928,1,1,7,3,1
89659,1,1,5,2,1
44350,0,0,0,4,0
28177,1,0,0,1,0
16632,0,0,0,4,0
4147,1,1,0,4,0
34796,0,1,0,1,0
21516,1,1,4,1,1
5031,0,1,0,2,0
49019,0,1,1,6,1
32115,1,1,6,4,1
60864,1,1,3,7,1
140869,1,1,5,3,1
114634,1,1,1,3,1
88944,1,1,1,1,1
21947,0,1,2,1,0
130038,0,1,3,3,1
66761,1,0,7,0,1
57764,1,0,1,5,1
11995,1,1,5,8,1
89985,1,0,2,3,1
4617,1,1,6,2,1
125078,1,1,7,7,1
15294,0,0,0,3,0
46554,0,0,1,3,0
19720,0,0,0,0,0
52009,0,1,0,3,0
29370,1,1,1,3,1
49498,0,0,0,4,0
79855,1,1,2,8,1
29141,1,0,0,4,0
31492,0,0,1,2,0
58301,0,0,0,3,0
28230,0,0,0,1,0
29515,1,1,1,3,0
45853,0,0,0,1,0
57953,1,0,0,0,0
87230,1,1,3,1,1
30252,0,0,1,0,0
18350,0,0,1,1,0
146197,1,1,1,1,1
47269,0,1,0,3,0
23164,1,0,0,3,0
45213,1,1,2,2,1
41177,0,1,0,4,0
23809,1,0,2,3,0
14095,1,1,6,4,1
16238,1,1,7,1,1
8666,0,0,0,0,0
24158,1,0,5,5,1
73316,1,0,7,0,1
13848,1,0,1,6,1
12209,0,0,0,1,0
32561,0,0,1,4,0
54578,0,0,2,3,0
95176,1,1,0,4,1
52659,0,0,2,4,0
125070,1,1,0,5,1
46161,0,0,1,3,0
82404,1,1,1,7,1
126072,1,1,6,0,1
87142,1,1,7,0,1
18794,0,1,2,3,0
102070,1,1,2,2,1
11854,0,0,3,1,0
26024,0,1,0,3,0
35782,0,0,1,2,0
89540,1,1,0,7,1
44592,1,0,3,2,0
3598,1,1,1,5,1
49727,1,0,2,0,1
26922,1,1,0,2,0
135105,0,1,1,4,1
54739,0,0,0,1,0
28811,1,0,0,1,0
29595,0,0,3,2,0
50111,0,0,1,3,0
47824,0,0,0,1,0
58703,0,0,0,2,0
5472,0,1,1,4,0
138886,1,1,4,1,1
129524,1,1,4,7,1
7576,0,0,1,0,0
17987,0,0,0,3,0
33738,0,0,1,1,0
53138,0,0,3,2,0
4180,0,0,1,4,0
13442,0,1,1,2,0
22680,0,1,5,8,1
61545,1,1,4,4,1
37056,0,1,1,2,0
124753,1,0,1,2,1
5266,0,0,3,4,0
46052,0,1,0,4,0
59010,0,0,2,4,0
55539,0,0,0,4,0
121215,0,0,2,0,1
37078,0,0,3,0,0
85290,1,1,6,8,1
56746,0,0,0,4,0
47589,0,0,5,6,1
58343,0,0,0,1,0
36827,1,1,4,8,1
7678,0,1,0,2,0
46749,0,0,1,1,0
57828,0,0,0,2,0
27049,1,0,7,8,1
90815,0,1,2,5,1
48656,0,1,3,1,0
118133,1,0,7,5,1
118337,1,1,4,6,1
93378,0,0,4,8,1
14813,0,0,1,2,0
22438,0,0,3,1,0
18900,0,0,3,3,0
26968,0,0,1,2,0
36019,1,1,0,4,1
51918,0,0,0,4,0
40848,0,1,7,3,1
40160,0,0,1,4,0
96864,1,1,6,3,1
55511,0,1,0,2,0
10453,0,0,0,4,0
78039,1,0,0,7,1
67131,1,1,3,1,1
56368,0,0,0,3,0
55259,1,1,0,1,0
14776,0,1,5,7,1
50547,0,1,7,2,1
6222,1,0,1,4,0
16509,0,0,2,1,0
52358,1,1,3,4,1
31589,1,1,2,3,1
42005,0,0,2,2,0
44352,1,1,0,4,1
10397,1,1,4,0,1
75078,1,1,4,3,1
113729,1,1,2,2,1
54452,0,0,0,2,0
38609,0,1,5,1,1
12096,0,0,1,3,0
31100,0,1,6,1,1
58378,1,1,1,2,1
48102,1,0,0,0,0
23330,1,1,2,7,1
88368,1,1,2,2,1
127740,1,1,0,3,1
22412,1,0,6,3,1
35883,0,0,3,3,0
74813,1,1,7,0,1
76649,1,0,1,0,1
114625,1,1,2,1,1
45113,0,0,1,0,0
36126,1,0,1,0,0
36087,1,1,7,8,1
51994,0,0,0,4,0
38057,1,0,2,2,0
1786,0,0,2,2,0
49842,1,1,6,2,1
56724,0,0,3,3,0
3513,0,0,2,0,0
125579,1,0,4,8,1
53121,0,0,0,3,0
43755,1,1,0,2,1
93589,1,1,7,1,1
117024,1,1,0,7,1
37086,0,1,3,4,1
48666,1,1,0,6,1
136474,1,0,6,8,1
6438,0,0,1,2,0
10205,0,1,2,4,0
26164,0,0,3,1,0
59778,1,0,3,2,0
57044,0,0,0,3,0
29499,1,0,0,0,0
18219,0,0,0,2,0
32899,0,0,1,2,0
138857,1,1,7,3,1
113239,1,0,1,6,1
17629,0,0,0,0,0
29156,1,1,0,3,1
132835,1,1,4,7,1
29429,1,1,4,7,1
43945,0,0,0,4,0
50763,0,0,0,2,0
44857,0,0,3,0,0
101659,1,1,3,4,1
54764,1,0,0,0,0
16338,0,0,0,4,0
32135,0,1,1,0,0
96537,1,0,0,3,1
34983,0,1,1,1,0
102366,1,0,4,4,1
30907,0,1,7,6,1
42967,1,1,5,5,1
22086,0,1,0,1,1
10209,0,0,3,4,0
38910,0,0,0,1,0
92827,1,1,1,1,1
34358,1,0,0,2,0
17914,0,0,3,3,0
7024,0,0,1,2,0
51467,0,0,1,0,0
14726,1,1,1,3,1
31732,1,0,0,4,0
8170,0,1,4,5,1
117409,1,0,5,0,1
32951,1,1,2,5,1
39283,1,1,6,5,1
100479,0,1,4,2,1
103482,1,0,6,8,1
53424,1,1,0,3,1
127422,0,1,3,0,1
52846,1,1,1,1,1
59962,0,0,3,4,0
18565,1,0,2,2,0
24144,1,0,7,3,1
23352,0,0,0,4,0
125205,1,1,7,1,1
34684,0,1,1,4,0
32905,1,0,2,7,1
10999,0,0,1,1,0
45681,0,1,1,3,0
147392,1,1,0,6,1
2572,1,0,2,2,0
68869,1,1,2,8,1
55574,1,0,0,2,0
35911,1,0,4,3,1
17868,1,0,0,0,0
140207,1,1,0,6,1
9993,0,0,1,3,0
5448,0,0,0,2,0
142865,1,0,5,3,1
38561,1,0,0,1,0
53476,0,0,0,2,0
21311,0,1,5,7,1
25914,0,0,1,2,0
116855,0,1,3,1,1
86298,1,1,2,0,1
42274,1,1,0,4,1
52281,0,0,0,0,0
21778,0,0,0,2,0
55700,1,1,1,1,1
53578,0,1,3,1,0
56307,0,0,1,0,0
58042,0,1,2,1,0
124554,1,1,5,5,1
57096,0,0,3,8,1
57780,0,0,0,3,0
83895,1,1,6,6,1
126887,0,1,0,7,1
72736,1,1,6,8,1
125321,1,1,7,2,1
86804,1,0,1,0,1
104128,0,1,5,2,1
36832,0,0,0,4,0
5254,0,0,2,2,0
83531,1,1,3,0,1
25109,1,0,1,2,0
93733,1,1,4,5,1
86963,1,0,7,7,1
102242,1,1,7,2,1
50644,1,1,0,4,0
6198,0,0,1,1,0
53746,1,0,6,3,1
107927,1,0,1,8,1
60118,1,1,2,6,1
113564,1,1,4,3,1
19472,0,0,1,3,0
45352,0,0,1,4,0
32719,0,1,0,2,0
42913,0,1,6,5,1
55755,1,1,1,3,1
48122,0,0,0,4,0
7927,0,0,2,0,0
31738,0,0,1,0,0
59766,0,0,2,1,0
39487,1,1,0,0,0
12602,1,1,2,7,1
147524,1,1,7,1,1
141871,1,1,6,8,1
109692,1,1,5,6,1
38009,1,1,6,3,1
69642,1,1,2,5,1
1022,0,1,0,0,0
105765,1,1,7,5,1
136260,1,1,7,7,1
12672,0,0,2,1,0
134564,1,1,7,1,1
27145,0,1,1,1,0
49783,0,1,2,4,1
122052,0,1,1,2,1
30013,0,0,2,1,0
27413,0,0,0,4,0
18158,1,0,3,7,1
143399,1,1,7,2,1
11894,1,0,4,6,1
73682,0,1,3,3,1
39747,0,0,1,1,0
109469,1,1,0,7,1
23747,0,0,0,2,0
33492,0,0,0,0,0
3493,0,0,2,1,0
31750,0,0,0,3,0
52954,0,0,3,0,0
10438,0,1,2,2,0
121840,1,1,6,0,1
34054,0,0,0,1,0
41515,1,1,0,1,0
49920,1,1,0,0,0
143558,1,1,4,5,1
142538,0,1,7,8,1
101274,1,0,5,5,1
83255,0,0,5,6,1
34795,0,1,0,0,0
10244,0,0,0,0,0
83465,1,1,2,7,1
7474,0,0,0,4,0
129072,1,0,5,6,1
4704,1,0,0,5,1
2244,0,0,1,3,0
7431,0,0,0,0,0
63638,1,1,4,2,1
1580,0,0,2,1,0
59102,1,0,4,1,1
41601,1,1,1,6,1
43596,0,0,3,4,0
142044,1,1,6,6,1
25451,1,0,0,4,0
10392,0,0,1,0,0
44645,0,0,0,2,0
31835,0,0,0,4,0
20624,0,0,0,0,0
31017,0,0,0,1,0
8368,0,1,4,7,1
52948,1,1,1,1,1
45094,0,0,0,0,0
12343,0,0,0,4,0
144830,0,1,6,0,1
19876,0,0,0,3,0
119527,1,0,5,0,1
51450,0,0,0,2,0
18698,1,1,0,0,0
11021,0,0,1,0,0
147862,1,0,5,2,1
55435,0,0,1,4,0
42364,0,1,3,0,0
95242,0,1,4,7,1
43808,0,0,3,4,0
19590,0,0,0,3,0
111860,0,0,0,7,1
111659,1,1,7,0,1
49237,0,0,3,0,0
45335,0,0,1,2,0
119429,1,1,1,4,1
45398,0,1,5,8,1
24907,0,1,0,4,0
19188,0,0,1,2,0
54482,1,0,1,1,0
12673,0,1,1,8,1
149057,1,1,5,7,1
7622,0,1,6,1,1
49907,0,1,0,3,0
53835,1,1,2,3,1
137568,0,1,4,7,1
17656,1,0,1,0,0
54094,1,0,0,0,0
50866,0,0,1,4,0
54996,0,0,0,0,0
121738,1,1,2,4,1
14452,0,1,0,1,0
1466,0,0,3,4,0
50871,0,1,1,2,1
94268,0,1,4,1,1
39603,0,0,0,3,0
2628,1,1,4,0,1
82460,0,0,4,3,1
37049,0,1,0,3,0
98938,0,0,3,3,1
56296,0,1,3,3,0
23574,1,1,7,8,1
146781,1,1,0,4,1
29169,1,1,1,2,1
31256,1,1,0,8,1
11601,1,0,3,3,0
26028,0,0,0,1,0
2665,0,0,1,4,0
85454,1,0,1,1,1
118964,1,1,4,2,1
129523,0,1,7,4,1
41599,0,1,1,1,0
55990,0,0,0,3,0
33146,0,1,0,4,0
46616,0,0,1,0,0
44714,0,0,2,3,0
88624,0,1,0,8,1
78467,1,1,7,5,1
75634,1,1,0,4,1
42504,1,1,4,3,1
17585,0,0,1,0,0
126426,1,1,6,0,1
126882,0,1,7,2,1
112192,1,1,6,5,1
19173,1,0,1,6,1
93192,0,1,4,0,1
53415,0,0,1,2,0
134786,1,1,7,7,1
12939,0,0,3,3,0
6778,0,1,3,0,0
24378,1,1,6,1,1
136538,1,1,7,6,1
65380,0,1,1,8,1
3308,0,0,3,1,0
50014,0,0,0,2,0
41545,0,0,1,3,0
67107,1,1,7,6,1
139160,0,1,4,6,1
29837,0,1,0,3,1
34983,1,0,4,3,1
38341,0,0,1,4,0
19057,0,1,0,4,0
32281,1,1,2,4,1
71036,1,1,7,3,1
57996,0,0,1,4,0
48510,0,0,1,1,0
16260,0,1,1,1,0
136431,1,1,2,6,1
16753,1,0,4,6,1
131083,0,1,6,5,1
17222,1,0,0,6,1
2136,0,0,1,4,0
9756,0,0,0,3,0
1193,1,0,0,2,0
28132,1,0,3,5,1
18546,1,1,6,2,1
25763,1,0,0,4,0
9771,0,0,3,3,0
45348,1,0,0,0,0
5693,1,1,1,4,1
26032,0,1,1,2,0
10254,0,0,3,0,0
8199,0,0,2,2,0
24618,0,0,3,4,0
44451,0,0,0,2,0
9780,1,0,3,0,0
53083,0,0,0,3,0
56437,0,0,1,1,0
9174,1,0,2,2,1
7811,1,1,4,6,1
39418,0,0,2,3,0
43012,0,1,1,3,0
55740,0,0,0,4,0
105304,1,0,5,7,1
95610,1,1,2,3,1
33218,1,0,1,1,0
101337,1,1,4,6,1
29423,0,1,4,0,1
54525,0,0,3,3,0
72160,0,1,6,3,1
61786,1,0,5,1,1
28452,1,0,3,0,0
34154,0,1,5,8,1
68201,1,1,0,4,1
28819,0,0,1,3,0
3280,1,1,7,6,1
20581,0,0,0,3,0
123506,1,1,5,4,1
7551,1,1,1,6,1
53002,0,1,3,4,0
30576,0,0,0,4,0
6555,1,1,4,1,1
551,0,1,0,8,1
13789,0,0,0,1,0
6452,0,0,1,3,0
35755,1,1,7,1,1
655,1,0,1,2,0
15697,0,0,0,0,0
125341,1,1,3,6,1
60774,1,1,5,8,1
63299,1,1,4,6,1
47777,0,0,0,0,0
24987,0,1,0,1,0
17056,0,1,2,4,0
33348,1,1,0,3,0
59602,0,1,0,4,0
47390,0,1,1,0,0
55337,0,0,3,0,0
27338,0,0,0,0,0
137,1,0,1,0,0
46810,0,0,1,2,0
140068,1,1,0,6,1
45553,1,0,0,4,0
110184,1,0,6,3,1
2970,0,0,0,2,0
14736,0,0,3,2,0
35270,0,0,0,4,0
58706,1,0,0,4,0
118011,1,1,7,1,1
42239,1,1,7,5,1
53473,0,1,3,1,1
40043,0,1,2,1,0
112228,1,1,5,1,1
120351,0,1,5,0,1
26741,0,1,0,1,0
48385,1,0,2,4,1
2169,1,0,0,0,0
52281,1,0,0,4,0
6641,0,0,3,2,0
5469,0,0,0,3,0
108993,0,1,3,5,1
6869,0,0,0,4,0
37153,0,0,0,0,0
5667,1,0,7,6,1
25555,0,0,0,2,0
141323,1,1,4,6,1
35105,0,0,1,3,0
18096,0,0,2,2,0
117720,1,1,5,4,1
42416,1,1,0,2,1
34814,1,0,4,7,1
20834,0,0,1,2,0
5006,0,0,0,2,0
128296,1,1,2,0,1
50086,0,0,0,0,0
118426,1,1,5,5,1
7572,0,0,0,2,0
96900,1,1,6,0,1
93681,1,0,0,1,1
59165,1,0,0,0,0
19245,0,0,0,0,0
55988,1,0,1,3,0
12700,0,0,1,2,0
133088,1,1,7,2,1
132954,0,0,5,4,1
141056,1,1,1,5,1
56916,1,1,5,4,1
55875,1,0,0,1,0
117739,1,0,0,2,1
135863,1,1,5,7,1
49577,0,0,1,4,0
23836,0,0,1,1,0
2684,0,1,4,5,1
63096,1,0,6,3,1
13830,0,0,1,1,0
112687,1,0,7,5,1
49496,1,1,1,3,1
95455,0,1,6,6,1
26895,0,0,3,3,0
52689,1,1,6,1,1
7706,0,0,0,2,0
31129,1,0,2,7,1
73667,1,1,2,4,1
3987,1,1,7,6,1
125291,0,1,0,4,1
5018,0,0,2,1,0
85088,1,1,6,6,1
16062,0,1,0,0,0
8129,0,0,0,1,0
74162,1,1,4,4,1
18636,0,1,1,3,0
56533,0,0,2,1,0
55310,0,1,6,1,1
30731,1,0,1,0,0
45177,0,0,6,0,1
23145,1,1,2,1,1
45811,0,1,1,1,0
15885,1,0,0,3,0
40000,0,0,2,1,0
56005,1,1,2,2,1
727,0,1,4,2,1
55620,0,0,0,2,0
40947,1,1,2,1,1
74697,1,1,6,1,1
51266,0,1,2,3,0
106240,1,1,0,0,1
19200,0,1,3,1,0
62391,1,1,4,4,1
65998,1,1,4,1,1
60040,0,1,4,5,1
30431,1,1,1,3,1
141304,0,0,3,8,1
111888,1,0,7,4,1
12425,1,1,3,0,1
70842,1,0,3,3,1
59626,0,0,0,3,0
41872,1,1,6,5,1
17689,0,0,3,0,0
59761,0,0,0,1,0
24460,1,0,0,5,1
22431,0,0,0,0,0
127086,1,1,3,2,1
2555,0,0,1,1,0
48382,0,1,2,4,0
26095,0,0,1,1,0
37267,1,1,2,2,1
32407,1,1,5,8,1
26767,0,0,2,1,0
39703,1,0,2,6,1
72819,0,1,6,0,1
62030,1,0,0,5,1
3008,0,0,1,4,0
137278,1,1,7,7,1
110134,1,1,3,4,1
16964,0,0,1,1,0
50703,0,1,3,3,1
100395,1,1,2,2,1
12565,1,0,0,3,0
38024,0,0,1,3,0
48281,0,0,0,2,0
4859,1,0,5,7,1
21140,0,0,0,3,0
10437,1,1,5,2,1
31925,0,1,0,8,1
100736,1,0,3,0,1
14210,0,0,0,3,0
75902,0,1,6,6,1
116204,1,1,2,7,1
122318,0,1,5,8,1
50363,1,0,1,0,0
45927,0,0,3,3,0
13726,0,1,0,1,1
25433,0,0,3,4,0
12511,1,1,1,2,1
17701,0,0,0,2,0
103516,1,1,1,3,1
102360,1,1,2,5,1
6799,0,0,0,3,0
49899,1,0,2,4,0
80276,1,1,0,4,1
57539,0,1,1,2,0
74979,1,1,4,3,1
140032,1,1,1,4,1
123967,1,0,6,2,1
39896,0,0,0,0,0
23858,1,0,0,3,0
21457,0,0,3,3,0
103731,1,0,1,3,1
32168,1,1,1,5,1
8445,0,0,3,0,0
51515,1,0,0,3,1
41455,0,0,2,0,0
50864,0,0,3,1,0
6134,1,1,1,0,1
71067,1,1,0,3,1
51298,0,0,0,1,0
143217,1,1,6,3,1
128025,1,0,7,3,1
22696,0,0,3,4,0
54593,1,0,0,3,0
65957,1,1,3,1,1
29940,0,1,1,2,0
68985,1,1,2,8,1
37959,0,0,3,1,0
97289,0,0,5,1,1
50198,0,1,1,4,0
95701,1,1,2,2,1
142039,1,1,3,2,1
11854,0,0,0,4,0
22218,0,0,3,3,0
10836,0,0,1,4,0
82290,1,1,6,4,1
18329,0,1,0,4,0
4779,0,0,3,2,0
39311,0,1,1,3,1
50826,0,0,2,3,0
15573,0,0,2,2,0
29722,1,0,1,0,0
53715,1,1,6,3,1
57334,0,0,2,3,0
52621,0,1,1,4,0
146887,1,0,5,7,1
1795,0,0,2,4,0
84507,1,1,6,4,1
13841,0,0,0,2,0
32715,1,0,0,3,0
57166,1,1,6,5,1
141411,1,1,0,0,1
144376,1,1,1,6,1
145147,1,1,2,0,1
44290,0,1,1,5,1
74994,1,1,2,8,1
140583,0,0,6,1,1
79457,1,1,0,8,1
58075,0,0,1,0,0
32737,1,1,6,3,1
30963,0,0,0,4,0
107553,1,0,7,8,1
30341,0,0,1,2,0
24021,0,1,0,4,0
16149,0,0,2,0,0
30573,0,0,2,1,0
21310,0,0,1,2,0
148770,1,1,6,4,1
27548,0,1,2,4,0
70880,1,0,6,5,1
131076,0,1,0,4,1
17805,1,1,0,1,1
106801,0,1,7,8,1
10210,1,0,5,0,1
129923,0,1,4,7,1
24912,1,1,5,6,1
51461,1,0,0,3,1
29589,0,1,0,1,0
113548,0,1,1,0,1
131466,1,1,7,4,1
38918,1,1,1,1,1
35955,1,1,2,5,1
129864,1,0,5,1,1
30915,1,0,7,5,1
70234,1,1,5,3,1
66192,1,0,7,2,1
48628,0,1,0,4,0
68955,0,1,4,5,1
18277,0,1,5,2,1
149896,1,1,3,0,1
16613,1,0,2,0,1
37214,0,0,0,0,0
33301,0,1,0,2,0
135478,0,0,3,7,1
54280,0,1,5,2,1
32521,0,0,3,2,0
67436,1,1,3,3,1
76202,1,0,2,3,1
31759,0,0,1,3,0
56704,0,0,0,3,0
19744,0,0,0,2,0
88346,1,1,0,8,1
114809,1,0,3,0,1
17013,1,1,7,0,1
128932,1,1,0,5,1
90474,1,1,6,3,1
82389,1,1,2,3,1
2235,1,1,6,2,1
46273,1,1,5,2,1
47908,1,1,6,3,1
128091,1,1,6,4,1
76120,1,1,0,1,1
129402,0,0,1,6,1
37601,1,1,1,2,1
63435,1,0,0,3,1
128587,0,1,3,1,1
1528,0,0,2,3,0
9221,0,0,0,1,0
53977,0,1,7,1,1
23011,1,1,6,6,1
2300,0,1,2,0,0
40693,0,0,0,3,0
21177,0,0,1,4,0
51493,1,1,0,4,1
17837,1,1,7,5,1
9047,1,1,1,6,1
4449,1,1,1,6,1
547,0,0,0,3,0
96397,1,1,4,2,1
29816,0,1,1,3,0
133133,1,1,0,5,1
115348,1,1,5,7,1
5750,0,0,1,4,0
136429,0,1,5,6,1
130920,1,1,0,0,1
44258,0,0,1,2,0
148108,0,1,1,6,1
23015,0,0,0,0,0
1979,1,1,2,0,1
41125,0,1,1,0,0
51161,1,0,6,0,1
33301,0,1,3,3,0
25973,0,1,1,4,0
123993,1,1,6,1,1
135884,1,1,7,1,1
29942,1,0,2,8,1
18055,0,0,1,3,0
108618,1,1,2,4,1
140703,0,0,0,1,1
6079,0,0,1,2,0
15673,0,0,0,1,0
38263,1,0,3,0,0
21473,0,1,1,0,0
15865,1,0,0,0,0
50793,0,0,0,4,0
36924,1,1,0,7,1
99225,0,1,2,0,1
100474,0,1,4,8,1
86534,1,0,1,0,1
35858,0,1,0,3,0
33020,1,1,6,3,1
51906,0,1,2,2,0
125419,0,0,2,6,1
30033,0,0,1,0,0
91546,0,1,4,6,1
42146,0,0,1,4,0
42899,0,0,2,3,0
26293,1,0,0,0,0
18435,0,0,1,1,0
149462,1,1,1,8,1
107006,0,1,1,7,1
4235,0,0,0,1,0
46901,0,0,1,2,0
60790,0,1,3,2,1
21988,1,1,3,4,1
408,0,0,0,1,0
4181,0,0,0,2,0
35488,0,0,0,4,0
486,0,0,3,3,0
118634,1,1,2,5,1
34681,1,0,0,4,0
77616,1,1,1,2,1
56199,0,0,0,3,0
132458,1,1,1,6,1
114754,1,1,2,2,1
33058,1,0,0,1,0
7304,0,0,0,2,0
47732,0,1,1,2,0
116519,1,0,1,1,1
34688,0,0,3,2,0
29985,0,0,1,4,0
11845,0,1,0,1,1
2894,1,1,3,0,1
11887,1,1,7,6,1
124916,1,0,6,1,1
39286,0,1,1,4,0
22601,1,1,3,3,1
16600,1,1,0,4,1
51923,0,1,2,1,0
41900,1,1,1,3,1
55983,1,0,0,4,0
106356,1,0,7,8,1
56885,0,0,0,3,0
85189,1,0,1,4,1
69799,1,1,0,3,1
31007,0,0,1,1,0
52611,1,0,3,2,0
14890,1,0,1,3,0
17877,0,1,0,0,0
8057,0,1,3,1,0
16474,0,0,0,1,0
134886,0,1,0,2,1
40617,1,0,0,3,0
16045,0,1,1,4,0
17633,1,0,2,4,1
31348,0,0,1,1,0
16394,1,1,6,1,1
4086,0,0,1,0,0
98662,1,1,7,0,1
116646,1,1,3,3,1
108912,1,1,0,2,1
71058,0,1,2,4,1
31138,1,0,6,3,1
4882,0,0,1,3,0
40736,1,1,6,0,1
20940,0,1,0,2,0
57794,1,1,7,1,1
38409,0,0,0,1,0
9304,0,0,0,4,0
2712,0,0,1,2,0
18379,0,0,3,3,0
50809,0,1,4,7,1
9275,0,1,2,3,0
24564,0,0,0,0,0
50003,0,0,0,4,0
1141,1,1,4,7,1
54031,1,0,6,3,1
36590,0,0,2,4,1
95291,1,1,4,3,1
26855,0,0,1,1,0
34719,0,1,0,4,1
40792,1,0,4,7,1
56429,1,1,5,4,1
39547,1,0,0,2,1
73409,1,0,6,4,1
62376,0,0,4,7,1
135717,1,1,0,5,1
18329,0,1,1,3,0
24604,0,1,3,4,0
46738,0,0,0,1,0
6689,0,0,1,1,0
3756,1,1,2,5,1
33654,1,1,5,2,1
38464,1,1,3,0,1
119367,1,1,5,4,1
15614,0,0,1,0,0
124350,0,1,0,5,1
51206,0,0,2,1,0
22671,0,1,0,3,0
133038,0,1,4,2,1
58904,1,0,2,2,0
45582,0,0,0,2,0
3103,0,0,0,1,0
1997,0,0,2,2,0
16038,0,0,2,0,0
6593,0,0,0,0,0
136737,1,1,2,3,1
12621,0,0,2,3,0
10759,0,0,3,0,0
52859,0,0,0,0,0
46973,0,0,0,3,0
93472,1,1,6,6,1
76957,0,1,2,1,1
45223,0,0,5,5,1
124943,1,1,7,1,1
20954,1,0,2,4,0
120442,1,1,6,0,1
98726,0,1,6,7,1
17438,1,0,3,0,1
18132,0,1,1,1,0
129464,0,1,3,1,1
18112,0,1,0,1,0
279,0,0,0,4,0
40799,0,1,2,0,0
2263,1,0,1,5,1
14779,0,1,1,4,0
56330,1,0,0,3,0
80169,1,1,3,0,1
79544,0,0,5,6,1
49639,0,0,0,0,0
28961,0,1,6,2,1
44690,1,0,0,0,0
107194,1,0,6,2,1
12327,0,0,0,3,0
20427,0,0,0,1,0
25093,1,0,1,2,0
13926,1,0,0,3,0
146291,0,1,7,6,1
7058,0,0,1,0,0
64224,0,0,7,2,1
48745,0,0,2,0,0
19456,0,0,1,3,0
56814,1,0,4,8,1
26082,1,0,0,3,0
42216,1,0,2,4,0
108659,1,1,3,1,1
126202,1,1,5,2,1
11470,1,0,3,0,0
24235,1,0,3,1,0
59166,1,1,5,6,1
8880,0,1,6,1,1
45578,0,0,0,3,0
89713,1,0,4,2,1
51647,1,1,1,3,0
11579,1,1,5,7,1
68394,0,0,1,1,1
2841,0,0,3,0,0
84443,1,0,5,4,1
11614,0,0,1,1,0
90486,0,1,7,7,1
30065,0,0,1,2,0
36630,0,0,1,1,0
40811,0,0,7,7,1
103806,0,1,3,5,1
137542,1,0,5,4,1
145966,1,1,4,5,1
71123,1,1,5,2,1
108964,1,1,0,1,1
15010,1,0,3,3,0
96337,1,0,5,5,1
142259,0,1,6,2,1
